,Estimate,Std. Error,t value,Pr(>|t|)
(Intercept),114921.314104898,16190.9172210107,7.09788781797778,6.04708236664395e-12
lava_jatoS,-30377.0474382316,8611.59877095671,-3.527457356778,0.000469667037696184
